<?xml version="1.0" encoding="UTF-8"?>
<project-private xmlns="http://www.netbeans.org/ns/project-private/1">
    <editor-bookmarks xmlns="http://www.netbeans.org/ns/editor-bookmarks/2" lastBookmarkId="0"/>
    <open-files xmlns="http://www.netbeans.org/ns/projectui-open-files/2">
        <group>
            <file>file:/C:/Users/Nat/Downloads/TermProject/Term-project/Term%20project/src/com/gui/emp_login.java</file>
            <file>file:/C:/Users/Nat/Downloads/TermProject/Term-project/Term%20project/src/com/gui/statement_printout.java</file>
            <file>file:/C:/Users/Nat/Downloads/TermProject/Term-project/Term%20project/src/com/gui/withDrawal.java</file>
            <file>file:/C:/Users/Nat/Downloads/TermProject/Term-project/Term%20project/src/com/gui/displayApp.java</file>
            <file>file:/C:/Users/Nat/Downloads/TermProject/Term-project/Term%20project/src/com/gui/interest.java</file>
            <file>file:/C:/Users/Nat/Downloads/TermProject/Term-project/Term%20project/src/com/gui/transfer_not.java</file>
            <file>file:/C:/Users/Nat/Downloads/TermProject/Term-project/Term%20project/src/com/gui/transfer_account.java</file>
        </group>
    </open-files>
</project-private>
